paper_number,paper_identifier,source_json_file,experimental_record_count,records_with_experiment_level_source_evidence,records_with_paper_level_provenance_only
1,https://doi.org/10.1016/j.ces.2024.120355,1-s2.0-S0009250924006559-main_extracted.json,3,3,0
2,10.1016/j.ccr.2025.216624,1-s2.0-S0010854525001948-main_extracted.json,1,0,1
3,Electrochimica Acta 533 (2025) 146532,1-s2.0-S001346862500893X-main_extracted.json,3,3,0
4,10.1016/j.fuel.2025.137703,1-s2.0-S0016236125034295-main_extracted.json,8,0,8
5,https://doi.org/10.1016/j.ijheatmasstransfer.2019.06.075,1-s2.0-S0017931019311615-main_extracted.json,5,5,0
6,https://doi.org/10.1016/j.ijheatmasstransfer.2020.119590,1-s2.0-S001793101935642X-main_extracted.json,1,1,0
7,https://doi.org/10.1016/j.ijheatmasstransfer.2021.121080,1-s2.0-S0017931021001836-main_extracted.json,4,4,0
8,https://doi.org/10.1016/j.ijheatmasstransfer.2021.121928,1-s2.0-S0017931021010334-main_extracted.json,1,1,0
9,https://doi.org/10.1016/j.ijheatmasstransfer.2021.122381,1-s2.0-S0017931021014800-main_extracted.json,6,6,0
10,https://doi.org/10.1016/j.ijheatmasstransfer.2021.122395,1-s2.0-S0017931021014940-main_extracted.json,2,2,0
11,https://doi.org/10.1016/j.ijheatmasstransfer.2022.123082,1-s2.0-S0017931022005543-main_extracted.json,12,12,0
12,https://doi.org/10.1016/j.ijheatmasstransfer.2022.123133,1-s2.0-S0017931022006044-main_extracted.json,3,3,0
13,https://doi.org/10.1016/j.ijheatmasstransfer.2025.126663,1-s2.0-S0017931025000043-main_extracted.json,5,5,0
14,https://doi.org/10.1016/j.ijheatmasstransfer.2025.127536,1-s2.0-S0017931025008737-main_extracted.json,2,2,0
15,https://doi.org/10.1016/j.jaerosci.2024.106420,1-s2.0-S0021850224000879-main_extracted.json,2,2,0
16,https://doi.org/10.1016/j.clay.2021.106111,1-s2.0-S0169131721001356-main_extracted.json,2,2,0
17,https://doi.org/10.1016/j.enconman.2019.112071,1-s2.0-S0196890419310775-main_extracted.json,5,5,0
18,https://doi.org/10.1016/j.enconman.2021.114663,1-s2.0-S0196890421008396-main_extracted.json,3,3,0
19,https://doi.org/10.1016/j.enconman.2021.115091,1-s2.0-S019689042101267X-main_extracted.json,12,12,0
20,https://doi.org/10.1016/j.enconman.2025.120133,1-s2.0-S0196890425006570-main_extracted.json,2,2,0
21,https://doi.org/10.1016/j.jhazmat.2019.03.116,1-s2.0-S030438941930398X-main_extracted.json,5,5,0
22,https://doi.org/10.1016/j.jhazmat.2019.06.007,1-s2.0-S0304389419306739-main_extracted.json,4,4,0
23,https://doi.org/10.1016/j.jhazmat.2020.123169,1-s2.0-S0304389420311584-main_extracted.json,1,1,0
24,https://doi.org/10.1016/j.jhazmat.2023.131646,1-s2.0-S0304389423009299-main_extracted.json,1,1,0
25,https://doi.org/10.1016/j.apenergy.2012.05.064,1-s2.0-S0306261912004655-main_extracted.json,2,2,0
26,https://doi.org/10.1016/j.apenergy.2016.08.160,1-s2.0-S0306261916312697-main_extracted.json,6,6,0
27,https://doi.org/10.1016/j.apenergy.2017.08.073,1-s2.0-S0306261917310899-main_extracted.json,1,1,0
28,https://doi.org/10.1016/j.apenergy.2018.06.126,1-s2.0-S0306261918309954-main_extracted.json,3,3,0
29,https://doi.org/10.1016/j.apenergy.2019.04.009,1-s2.0-S0306261919306348-main_extracted.json,3,3,0
30,10.1016/j.apenergy.2019.114440,1-s2.0-S0306261919321282-main_extracted.json,2,0,2
31,https://doi.org/10.1016/j.apenergy.2020.114972,1-s2.0-S0306261920304840-main_extracted.json,1,1,0
32,https://doi.org/10.1016/j.apenergy.2021.116495,1-s2.0-S0306261921000568-main_extracted.json,6,6,0
33,https://doi.org/10.1016/j.apenergy.2021.117038,1-s2.0-S0306261921004980-main_extracted.json,8,8,0
34,https://doi.org/10.1016/j.apenergy.2022.119778,1-s2.0-S0306261922010583-main_extracted.json,3,3,0
35,https://doi.org/10.1016/j.apenergy.2022.120110,1-s2.0-S0306261922013678-main_extracted.json,1,1,0
36,https://doi.org/10.1016/j.apenergy.2022.120119,1-s2.0-S0306261922013769-main_extracted.json,3,3,0
37,https://doi.org/10.1016/j.apenergy.2023.121690,1-s2.0-S0306261923010541-main_extracted.json,6,6,0
38,https://doi.org/10.1016/j.apenergy.2024.122998,1-s2.0-S0306261924003817-main_extracted.json,9,9,0
39,https://doi.org/10.1016/j.apenergy.2024.123248,1-s2.0-S0306261924006317-main_extracted.json,3,3,0
40,https://doi.org/10.1016/j.apenergy.2024.123571,1-s2.0-S0306261924009541-main_extracted.json,2,2,0
41,10.1016/j.apenergy.2024.124875,1-s2.0-S030626192402258X-main_extracted.json,1,0,1
42,https://doi.org/10.1016/j.apenergy.2025.125545,1-s2.0-S0306261925002752-main_extracted.json,2,2,0
43,https://doi.org/10.1016/j.ijhydene.2024.07.409,1-s2.0-S0360319924030982-main_extracted.json,3,3,0
44,https://doi.org/10.1016/j.energy.2021.120072,1-s2.0-S0360544221003212-main_extracted.json,2,2,0
45,https://doi.org/10.1016/j.energy.2021.122087,1-s2.0-S0360544221023355-main_extracted.json,4,4,0
46,https://doi.org/10.1016/j.energy.2021.122097,1-s2.0-S0360544221023458-main_extracted.json,5,5,0
47,https://doi.org/10.1016/j.energy.2022.126481,1-s2.0-S0360544222033679-main_extracted.json,4,4,0
48,https://doi.org/10.1016/j.energy.2023.128027,1-s2.0-S0360544223014214-main_extracted.json,6,6,0
49,https://doi.org/10.1016/j.energy.2025.138812,1-s2.0-S0360544225044548-main_extracted.json,2,2,0
50,https://doi.org/10.1016/j.jpowsour.2006.06.008,1-s2.0-S0378775306011463-main_extracted.json,12,12,0
51,https://doi.org/10.1016/j.jpowsour.2006.06.053,1-s2.0-S0378775306012006-main_extracted.json,7,7,0
52,https://doi.org/10.1016/j.jpowsour.2011.05.078,1-s2.0-S0378775311011049-main_extracted.json,2,2,0
53,https://doi.org/10.1016/j.jpowsour.2012.02.038,1-s2.0-S0378775312003989-main_extracted.json,4,4,0
54,https://doi.org/10.1016/j.jpowsour.2014.08.094,1-s2.0-S0378775314013597-main_extracted.json,8,8,0
55,https://doi.org/10.1016/j.jpowsour.2015.05.095,1-s2.0-S0378775315009970-main_extracted.json,1,1,0
56,https://doi.org/10.1016/j.jpowsour.2017.10.085,1-s2.0-S0378775317314398-main_extracted.json,14,14,0
57,https://doi.org/10.1016/j.jpowsour.2017.11.065,1-s2.0-S037877531731532X-main_extracted.json,13,13,0
58,10.1016/j.jpowsour.2018.07.051,1-s2.0-S0378775318307687-main_extracted.json,2,0,2
59,https://doi.org/10.1016/j.jpowsour.2018.07.094,1-s2.0-S037877531830819X-main_extracted.json,3,3,0
60,https://doi.org/10.1016/j.jpowsour.2018.10.014,1-s2.0-S0378775318311066-main_extracted.json,1,1,0
61,10.1016/j.jpowsour.2019.226879,1-s2.0-S0378775319308729-main_extracted.json,1,0,1
62,https://doi.org/10.1016/j.jpowsour.2019.227425,1-s2.0-S0378775319314181-main_extracted.json,6,6,0
63,https://doi.org/10.1016/j.jpowsour.2020.227914,1-s2.0-S0378775320302172-main_extracted.json,6,6,0
64,https://doi.org/10.1016/j.jpowsour.2020.228503,1-s2.0-S0378775320308077-main_extracted.json,1,1,0
65,https://doi.org/10.1016/j.jpowsour.2020.228649,1-s2.0-S0378775320309538-main_extracted.json,3,3,0
66,10.1016/j.jpowsour.2020.229357,1-s2.0-S037877532031644X-main_extracted.json,2,0,2
67,https://doi.org/10.1016/j.jpowsour.2021.229496,1-s2.0-S0378775321000458-main_extracted.json,3,3,0
68,https://doi.org/10.1016/j.jpowsour.2021.230340,1-s2.0-S0378775321008521-main_extracted.json,6,6,0
69,https://doi.org/10.1016/j.jpowsour.2021.230645,1-s2.0-S0378775321011411-main_extracted.json,10,10,0
70,https://doi.org/10.1016/j.jpowsour.2021.230659,1-s2.0-S0378775321011551-main_extracted.json,2,2,0
71,https://doi.org/10.1016/j.jpowsour.2021.230724,1-s2.0-S0378775321012180-main_extracted.json,3,3,0
72,https://doi.org/10.1016/j.jpowsour.2022.231867,1-s2.0-S0378775322008552-main_extracted.json,8,8,0
73,https://doi.org/10.1016/j.jpowsour.2023.233777,1-s2.0-S0378775323011539-main_extracted.json,2,2,0
74,https://doi.org/10.1016/j.jpowsour.2024.234237,1-s2.0-S0378775324001885-main_extracted.json,2,2,0
75,https://doi.org/10.1016/j.jpowsour.2024.234273,1-s2.0-S0378775324002246-main_extracted.json,2,2,0
76,https://doi.org/10.1016/j.jpowsour.2024.234744,1-s2.0-S0378775324006967-main_extracted.json,3,3,0
77,https://doi.org/10.1016/j.jpowsour.2024.235096,1-s2.0-S0378775324010486-main_extracted.json,2,2,0
78,https://doi.org/10.1016/j.jpowsour.2024.235147,1-s2.0-S0378775324010991-main_extracted.json,3,3,0
79,https://doi.org/10.1016/j.jpowsour.2024.235327,1-s2.0-S0378775324012795-main_extracted.json,2,2,0
80,https://doi.org/10.1016/j.jpowsour.2024.235633,1-s2.0-S0378775324015854-main_extracted.json,3,3,0
81,https://doi.org/10.1016/j.jpowsour.2024.235728,1-s2.0-S037877532401680X-main_extracted.json,1,1,0
82,https://doi.org/10.1016/j.jpowsour.2024.235834,1-s2.0-S0378775324017865-main_extracted.json,1,1,0
83,10.1016/j.jpowsour.2024.236026,1-s2.0-S0378775324019785-main_extracted.json,15,0,15
84,https://doi.org/10.1016/j.jpowsour.2024.236045,1-s2.0-S0378775324019979-main_extracted.json,5,5,0
85,https://doi.org/10.1016/j.jpowsour.2025.236270,1-s2.0-S0378775325001065-main_extracted.json,9,9,0
86,https://doi.org/10.1016/j.jpowsour.2025.236363,1-s2.0-S0378775325001995-main_extracted.json,2,2,0
87,https://doi.org/10.1016/j.jpowsour.2025.237240,1-s2.0-S0378775325010766-main_extracted.json,14,14,0
88,https://doi.org/10.1016/j.jpowsour.2025.237414,1-s2.0-S0378775325012509-main_extracted.json,6,6,0
89,https://doi.org/10.1016/j.jpowsour.2025.237488,1-s2.0-S0378775325013242-main_extracted.json,4,4,0
90,https://doi.org/10.1016/j.jpowsour.2025.237601,1-s2.0-S0378775325014375-main_extracted.json,2,2,0
91,https://doi.org/10.1016/j.jpowsour.2025.237697,1-s2.0-S0378775325015332-main_extracted.json,7,7,0
92,https://doi.org/10.1016/j.jpowsour.2025.238594,1-s2.0-S0378775325024309-main_extracted.json,3,3,0
93,https://doi.org/10.1016/j.jpowsour.2025.238780,1-s2.0-S0378775325026163-main_extracted.json,2,2,0
94,https://doi.org/10.1016/j.jpowsour.2025.238979,1-s2.0-S0378775325028162-main_extracted.json,1,1,0
95,https://doi.org/10.1016/j.firesaf.2020.103117,1-s2.0-S0379711219307180-main_extracted.json,9,9,0
96,https://doi.org/10.1016/j.firesaf.2021.103382,1-s2.0-S0379711221001235-main_extracted.json,1,1,0
97,https://doi.org/10.1016/j.firesaf.2022.103562,1-s2.0-S0379711222000406-main_extracted.json,4,4,0
98,https://doi.org/10.1016/j.firesaf.2023.103885,1-s2.0-S0379711223001534-main_extracted.json,6,6,0
99,https://doi.org/10.1016/j.firesaf.2023.103899,1-s2.0-S0379711223001674-main_extracted.json,6,6,0
100,https://doi.org/10.1016/j.firesaf.2023.104078,1-s2.0-S0379711223003466-main_extracted.json,4,4,0
101,https://doi.org/10.1016/j.icheatmasstransfer.2025.108922,1-s2.0-S0735193325003483-main_extracted.json,3,3,0
102,https://doi.org/10.1016/j.icheatmasstransfer.2025.109989,1-s2.0-S0735193325014150-main_extracted.json,4,4,0
103,https://doi.org/10.1016/j.icheatmasstransfer.2025.110036,1-s2.0-S0735193325014629-main_extracted.json,10,10,0
104,https://doi.org/10.1016/j.snb.2024.136988,1-s2.0-S0925400524017180-main_extracted.json,1,1,0
105,https://doi.org/10.1016/j.jlp.2019.103992,1-s2.0-S0950423018309744-main_extracted.json,1,1,0
106,https://doi.org/10.1016/j.jlp.2022.104818,1-s2.0-S0950423022000948-main_extracted.json,6,6,0
107,https://doi.org/10.1016/j.jlp.2023.105156,1-s2.0-S0950423023001869-main_extracted.json,4,4,0
108,https://doi.org/10.1016/j.jlp.2024.105407,1-s2.0-S0950423024001657-main_extracted.json,9,9,0
109,https://doi.org/10.1016/j.jlp.2024.105433,1-s2.0-S0950423024001918-main_extracted.json,5,5,0
110,https://doi.org/10.1016/j.jlp.2025.105691,1-s2.0-S0950423025001494-main_extracted.json,5,5,0
111,https://doi.org/10.1016/j.wasman.2018.11.029,1-s2.0-S0956053X18307013-main_extracted.json,1,1,0
112,https://doi.org/10.1016/j.psep.2020.06.009,1-s2.0-S0957582020315469-main_extracted.json,7,7,0
113,https://doi.org/10.1016/j.psep.2020.07.028,1-s2.0-S0957582020316360-main_extracted.json,7,7,0
114,https://doi.org/10.1016/j.psep.2021.09.031,1-s2.0-S0957582021005048-main_extracted.json,3,3,0
115,https://doi.org/10.1016/j.psep.2022.04.028,1-s2.0-S0957582022003342-main_extracted.json,2,2,0
116,https://doi.org/10.1016/j.psep.2022.04.049,1-s2.0-S0957582022003640-main_extracted.json,5,5,0
117,https://doi.org/10.1016/j.psep.2022.06.048,1-s2.0-S0957582022005808-main_extracted.json,4,4,0
118,https://doi.org/10.1016/j.psep.2022.09.016,1-s2.0-S0957582022007807-main_extracted.json,4,4,0
119,https://doi.org/10.1016/j.psep.2022.12.082,1-s2.0-S0957582022011594-main_extracted.json,10,10,0
120,https://doi.org/10.1016/j.psep.2023.05.068,1-s2.0-S0957582023004469-main_extracted.json,1,1,0
121,https://doi.org/10.1016/j.psep.2023.12.017,1-s2.0-S0957582023011059-main_extracted.json,3,3,0
122,https://doi.org/10.1016/j.psep.2024.01.088,1-s2.0-S0957582024001046-main_extracted.json,12,12,0
123,https://doi.org/10.1016/j.psep.2024.03.011,1-s2.0-S0957582024002295-main_extracted.json,4,4,0
124,https://doi.org/10.1016/j.psep.2024.04.004,1-s2.0-S0957582024003562-main_extracted.json,4,4,0
125,https://doi.org/10.1016/j.psep.2024.06.049,1-s2.0-S095758202400733X-main_extracted.json,3,3,0
126,https://doi.org/10.1016/j.psep.2024.09.019,1-s2.0-S0957582024011352-main_extracted.json,3,3,0
127,https://doi.org/10.1016/j.psep.2024.10.111,1-s2.0-S0957582024013995-main_extracted.json,1,1,0
128,https://doi.org/10.1016/j.psep.2024.11.118,1-s2.0-S0957582024015398-main_extracted.json,9,9,0
129,https://doi.org/10.1016/j.psep.2025.01.019,1-s2.0-S0957582025000199-main_extracted.json,4,4,0
130,https://doi.org/10.1016/j.psep.2025.106983,1-s2.0-S0957582025002502-main_extracted.json,1,1,0
131,https://doi.org/10.1016/j.psep.2025.107175,1-s2.0-S0957582025004422-main_extracted.json,8,8,0
132,https://doi.org/10.1016/j.psep.2025.107566,1-s2.0-S095758202500833X-main_extracted.json,3,3,0
133,https://doi.org/10.1016/j.psep.2025.107626,1-s2.0-S0957582025008936-main_extracted.json,2,2,0
134,https://doi.org/10.1016/j.psep.2025.107664,1-s2.0-S0957582025009310-main_extracted.json,8,8,0
135,https://doi.org/10.1016/j.psep.2025.107879,1-s2.0-S0957582025011462-main_extracted.json,8,8,0
136,https://doi.org/10.1016/j.psep.2025.108131,1-s2.0-S0957582025013989-main_extracted.json,21,21,0
137,https://doi.org/10.1016/j.psep.2025.108196,1-s2.0-S0957582025014636-main_extracted.json,3,3,0
138,https://doi.org/10.1016/j.psep.2025.108329,1-s2.0-S0957582025015964-main_extracted.json,4,4,0
139,https://doi.org/10.1016/j.jclepro.2021.129718,1-s2.0-S0959652621038956-main_extracted.json,6,6,0
140,https://doi.org/10.1016/j.renene.2022.12.092,1-s2.0-S0960148122018882-main_extracted.json,4,4,0
141,https://doi.org/10.1016/j.renene.2023.03.004,1-s2.0-S0960148123002902-main_extracted.json,4,4,0
142,https://doi.org/10.1016/j.renene.2023.119674,1-s2.0-S0960148123015896-main_extracted.json,6,6,0
143,https://doi.org/10.1016/j.ijthermalsci.2025.110047,1-s2.0-S1290072925003709-main_extracted.json,13,13,0
144,https://doi.org/10.1016/j.applthermaleng.2017.06.056,1-s2.0-S1359431116333609-main_extracted.json,1,1,0
145,https://doi.org/10.1016/j.applthermaleng.2019.02.127,1-s2.0-S1359431118356783-main_extracted.json,9,9,0
146,https://doi.org/10.1016/j.applthermaleng.2019.113847,1-s2.0-S135943111931052X-main_extracted.json,1,1,0
147,https://doi.org/10.1016/j.applthermaleng.2019.114144,1-s2.0-S1359431119334714-main_extracted.json,4,4,0
148,https://doi.org/10.1016/j.applthermaleng.2020.115429,1-s2.0-S1359431120307067-main_extracted.json,10,10,0
149,https://doi.org/10.1016/j.applthermaleng.2020.115679,1-s2.0-S1359431120331616-main_extracted.json,3,3,0
150,https://doi.org/10.1016/j.applthermaleng.2020.116346,1-s2.0-S1359431120338242-main_extracted.json,6,6,0
151,https://doi.org/10.1016/j.applthermaleng.2021.116661,1-s2.0-S1359431121001174-main_extracted.json,1,1,0
152,https://doi.org/10.1016/j.applthermaleng.2021.116949,1-s2.0-S1359431121003963-main_extracted.json,6,6,0
153,https://doi.org/10.1016/j.applthermaleng.2021.117147,1-s2.0-S135943112100586X-main_extracted.json,6,6,0
154,https://doi.org/10.1016/j.applthermaleng.2021.117244,1-s2.0-S1359431121006815-main_extracted.json,2,2,0
155,https://doi.org/10.1016/j.applthermaleng.2021.117399,1-s2.0-S1359431121008334-main_extracted.json,8,8,0
156,https://doi.org/10.1016/j.applthermaleng.2021.117521,1-s2.0-S1359431121009522-main_extracted.json,4,4,0
157,https://doi.org/10.1016/j.applthermaleng.2021.117774,1-s2.0-S1359431121011984-main_extracted.json,4,4,0
158,https://doi.org/10.1016/j.applthermaleng.2022.118418,1-s2.0-S1359431122003738-main_extracted.json,3,3,0
159,https://doi.org/10.1016/j.applthermaleng.2022.118565,1-s2.0-S1359431122005154-main_extracted.json,1,1,0
160,10.1016/j.applthermaleng.2022.119255,1-s2.0-S1359431122011851-main_extracted.json,4,0,4
161,https://doi.org/10.1016/j.applthermaleng.2022.119830,1-s2.0-S1359431122017604-main_extracted.json,8,8,0
162,https://doi.org/10.1016/j.applthermaleng.2023.120816,1-s2.0-S1359431123008451-main_extracted.json,14,14,0
163,https://doi.org/10.1016/j.applthermaleng.2023.121946,1-s2.0-S1359431123019750-main_extracted.json,1,1,0
164,https://doi.org/10.1016/j.applthermaleng.2023.121991,1-s2.0-S1359431123020203-main_extracted.json,2,2,0
165,https://doi.org/10.1016/j.applthermaleng.2023.122166,1-s2.0-S1359431123021956-main_extracted.json,16,16,0
166,https://doi.org/10.1016/j.applthermaleng.2024.123054,1-s2.0-S1359431124007221-main_extracted.json,6,6,0
167,https://doi.org/10.1016/j.applthermaleng.2024.123421,1-s2.0-S1359431124010895-main_extracted.json,1,1,0
168,https://doi.org/10.1016/j.applthermaleng.2024.123518,1-s2.0-S1359431124011864-main_extracted.json,1,1,0
169,https://doi.org/10.1016/j.applthermaleng.2024.124093,1-s2.0-S1359431124017617-main_extracted.json,11,11,0
170,https://doi.org/10.1016/j.applthermaleng.2024.124188,1-s2.0-S1359431124018568-main_extracted.json,3,3,0
171,https://doi.org/10.1016/j.applthermaleng.2024.124220,1-s2.0-S135943112401888X-main_extracted.json,3,3,0
172,https://doi.org/10.1016/j.applthermaleng.2024.124813,1-s2.0-S1359431124024815-main_extracted.json,3,3,0
173,https://doi.org/10.1016/j.applthermaleng.2025.125501,1-s2.0-S1359431125000924-main_extracted.json,2,2,0
174,https://doi.org/10.1016/j.applthermaleng.2025.125991,1-s2.0-S1359431125005824-main_extracted.json,3,3,0
175,https://doi.org/10.1016/j.applthermaleng.2025.126299,1-s2.0-S1359431125008919-main_extracted.json,5,5,0
176,https://doi.org/10.1016/j.applthermaleng.2025.126616,1-s2.0-S1359431125012086-main_extracted.json,5,5,0
177,https://doi.org/10.1016/j.applthermaleng.2025.126634,1-s2.0-S1359431125012268-main_extracted.json,12,12,0
178,https://doi.org/10.1016/j.applthermaleng.2025.127320,1-s2.0-S135943112501912X-main_extracted.json,2,2,0
179,https://doi.org/10.1016/j.applthermaleng.2025.127734,1-s2.0-S1359431125023269-main_extracted.json,3,3,0
180,https://doi.org/10.1016/j.applthermaleng.2025.127780,1-s2.0-S1359431125023725-main_extracted.json,1,1,0
181,https://doi.org/10.1016/j.applthermaleng.2025.129440,1-s2.0-S1359431125040323-main_extracted.json,4,4,0
182,https://doi.org/10.1016/j.applthermaleng.2025.129444,1-s2.0-S1359431125040360-main_extracted.json,7,7,0
183,https://doi.org/10.1016/j.rser.2023.113740,1-s2.0-S136403212300597X-main_extracted.json,4,4,0
184,https://doi.org/10.1016/j.rser.2025.116056,1-s2.0-S1364032125007294-main_extracted.json,2,2,0
185,https://doi.org/10.1016/j.cej.2021.129387,1-s2.0-S138589472100975X-main_extracted.json,2,2,0
186,https://doi.org/10.1016/j.cej.2023.144434,1-s2.0-S1385894723031650-main_extracted.json,12,0,12
187,https://doi.org/10.1016/j.cej.2024.153234,1-s2.0-S1385894724047223-main_extracted.json,1,1,0
188,https://doi.org/10.1016/j.cej.2025.159699,1-s2.0-S138589472500498X-main_extracted.json,3,3,0
189,https://doi.org/10.1016/j.cej.2025.160202,1-s2.0-S1385894725010071-main_extracted.json,4,4,0
190,https://doi.org/10.1016/j.cej.2025.160402,1-s2.0-S1385894725012070-main_extracted.json,2,2,0
191,https://doi.org/10.1016/j.cej.2025.160800,1-s2.0-S1385894725016213-main_extracted.json,4,4,0
192,https://doi.org/10.1016/j.cej.2025.164014,1-s2.0-S1385894725048491-main_extracted.json,3,3,0
193,https://doi.org/10.1016/j.cej.2025.165205,1-s2.0-S1385894725060413-main_extracted.json,2,2,0
194,https://doi.org/10.1016/j.cej.2025.169633,1-s2.0-S1385894725104762-main_extracted.json,13,13,0
195,https://doi.org/10.1016/j.elecom.2017.02.008,1-s2.0-S1388248117300401-main_extracted.json,4,4,0
196,https://doi.org/10.1016/j.ijoes.2025.101270,1-s2.0-S1452398125003463-main_extracted.json,11,11,0
197,https://doi.org/10.1016/j.proci.2022.07.185,1-s2.0-S1540748922002279-main_extracted.json,6,6,0
198,https://doi.org/10.1016/j.partic.2022.11.009,1-s2.0-S1674200122002553-main_extracted.json,4,4,0
199,https://doi.org/10.1016/j.egypro.2019.01.736,1-s2.0-S187661021930774X-main_extracted.json,2,2,0
200,https://doi.org/10.1016/j.jechem.2020.03.029,1-s2.0-S2095495620301613-main_extracted.json,1,1,0
201,https://doi.org/10.1016/j.jechem.2022.05.005,1-s2.0-S2095495622002571-main_extracted.json,2,2,0
202,https://doi.org/10.1016/j.jechem.2023.07.045,1-s2.0-S2095495623004576-main_extracted.json,4,4,0
203,https://doi.org/10.1016/j.jechem.2023.12.045,1-s2.0-S2095495624000238-main_extracted.json,7,7,0
204,https://doi.org/10.1016/j.jechem.2024.10.036,1-s2.0-S2095495624007411-main_extracted.json,6,6,0
205,https://doi.org/10.1016/j.jechem.2024.11.031,1-s2.0-S2095495624008052-main_extracted.json,8,8,0
206,https://doi.org/10.1016/j.jechem.2024.11.059,1-s2.0-S2095495624008337-main_extracted.json,1,1,0
207,https://doi.org/10.1016/j.jechem.2024.12.004,1-s2.0-S2095495624008520-main_extracted.json,4,4,0
208,https://doi.org/10.1016/j.jechem.2024.12.050,1-s2.0-S2095495625000142-main_extracted.json,7,7,0
209,https://doi.org/10.1016/j.jechem.2025.02.016,1-s2.0-S2095495625001640-main_extracted.json,2,2,0
210,https://doi.org/10.1016/j.jechem.2025.06.065,1-s2.0-S2095495625005406-main_extracted.json,15,15,0
211,https://doi.org/10.1016/j.jechem.2025.10.051,1-s2.0-S2095495625009350-main_extracted.json,1,1,0
212,https://doi.org/10.1016/j.nanoen.2021.105832,1-s2.0-S2211285521000902-main_extracted.json,10,10,0
213,https://doi.org/10.1016/j.nanoen.2021.105878,1-s2.0-S2211285521001361-main_extracted.json,2,2,0
214,https://doi.org/10.1016/j.csite.2021.101474,1-s2.0-S2214157X21006377-main_extracted.json,7,7,0
215,https://doi.org/10.1016/j.csite.2022.102335,1-s2.0-S2214157X22005767-main_extracted.json,7,7,0
216,https://doi.org/10.1016/j.csite.2024.105417,1-s2.0-S2214157X24014485-main_extracted.json,3,3,0
217,https://doi.org/10.1016/j.csite.2025.107010,1-s2.0-S2214157X25012705-main_extracted.json,4,4,0
218,https://doi.org/10.1016/j.csite.2025.107433,1-s2.0-S2214157X25016934-main_extracted.json,10,10,0
219,https://doi.org/10.1016/j.est.2019.101065,1-s2.0-S2352152X19305213-main_extracted.json,3,3,0
220,https://doi.org/10.1016/j.est.2020.101232,1-s2.0-S2352152X19311077-main_extracted.json,11,11,0
221,https://doi.org/10.1016/j.est.2020.101580,1-s2.0-S2352152X19312976-main_extracted.json,12,12,0
222,10.1016/j.est.2020.101668,1-s2.0-S2352152X2031505X-main_extracted.json,4,0,4
223,https://doi.org/10.1016/j.est.2020.101863,1-s2.0-S2352152X2031700X-main_extracted.json,5,5,0
224,https://doi.org/10.1016/j.est.2021.102546,1-s2.0-S2352152X21002917-main_extracted.json,11,11,0
225,https://doi.org/10.1016/j.est.2021.102609,1-s2.0-S2352152X21003510-main_extracted.json,2,2,0
226,https://doi.org/10.1016/j.est.2021.102888,1-s2.0-S2352152X21006095-main_extracted.json,13,13,0
227,https://doi.org/10.1016/j.est.2021.103557,1-s2.0-S2352152X21012366-main_extracted.json,2,2,0
228,https://doi.org/10.1016/j.est.2021.103640,1-s2.0-S2352152X21013153-main_extracted.json,2,2,0
229,https://doi.org/10.1016/j.est.2021.103759,1-s2.0-S2352152X21014328-main_extracted.json,5,5,0
230,https://doi.org/10.1016/j.est.2021.103767,1-s2.0-S2352152X21014407-main_extracted.json,1,1,0
231,https://doi.org/10.1016/j.est.2022.104002,1-s2.0-S2352152X22000482-main_extracted.json,6,6,0
232,https://doi.org/10.1016/j.est.2022.104302,1-s2.0-S2352152X22003292-main_extracted.json,6,6,0
233,https://doi.org/10.1016/j.est.2022.104322,1-s2.0-S2352152X22003474-main_extracted.json,4,4,0
234,https://doi.org/10.1016/j.est.2022.104870,1-s2.0-S2352152X22008775-main_extracted.json,1,1,0
235,https://doi.org/10.1016/j.est.2022.105709,1-s2.0-S2352152X22016978-main_extracted.json,6,6,0
236,https://doi.org/10.1016/j.est.2022.106024,1-s2.0-S2352152X22020126-main_extracted.json,9,9,0
237,https://doi.org/10.1016/j.est.2022.106100,1-s2.0-S2352152X22020886-main_extracted.json,2,2,0
238,https://doi.org/10.1016/j.est.2022.106535,1-s2.0-S2352152X22025245-main_extracted.json,2,2,0
239,https://doi.org/10.1016/j.est.2023.107133,1-s2.0-S2352152X23005303-main_extracted.json,9,9,0
240,10.1016/j.est.2023.107175,1-s2.0-S2352152X23005728-main_extracted.json,27,0,27
241,https://doi.org/10.1016/j.est.2023.107231,1-s2.0-S2352152X2300628X-main_extracted.json,2,2,0
242,https://doi.org/10.1016/j.est.2023.107451,1-s2.0-S2352152X23008484-main_extracted.json,4,4,0
243,https://doi.org/10.1016/j.est.2023.108088,1-s2.0-S2352152X23014858-main_extracted.json,1,1,0
244,https://doi.org/10.1016/j.est.2023.108381,1-s2.0-S2352152X23017784-main_extracted.json,5,5,0
245,https://doi.org/10.1016/j.est.2023.109178,1-s2.0-S2352152X23025768-main_extracted.json,4,4,0
246,https://doi.org/10.1016/j.est.2023.109367,1-s2.0-S2352152X23027652-main_extracted.json,7,7,0
247,https://doi.org/10.1016/j.est.2023.110041,1-s2.0-S2352152X23034400-main_extracted.json,1,1,0
248,https://doi.org/10.1016/j.est.2023.110201,1-s2.0-S2352152X23036009-main_extracted.json,2,2,0
249,https://doi.org/10.1016/j.est.2024.110892,1-s2.0-S2352152X24004766-main_extracted.json,3,3,0
250,https://doi.org/10.1016/j.est.2024.111288,1-s2.0-S2352152X24008739-main_extracted.json,3,3,0
251,https://doi.org/10.1016/j.est.2024.111548,1-s2.0-S2352152X24011332-main_extracted.json,3,3,0
252,https://doi.org/10.1016/j.est.2024.111744,1-s2.0-S2352152X2401329X-main_extracted.json,5,5,0
253,https://doi.org/10.1016/j.est.2024.111813,1-s2.0-S2352152X24013987-main_extracted.json,25,25,0
254,https://doi.org/10.1016/j.est.2024.112393,1-s2.0-S2352152X24019790-main_extracted.json,4,4,0
255,https://doi.org/10.1016/j.est.2024.112624,1-s2.0-S2352152X24022102-main_extracted.json,20,20,0
256,https://doi.org/10.1016/j.est.2024.112695,1-s2.0-S2352152X24022813-main_extracted.json,3,3,0
257,https://doi.org/10.1016/j.est.2024.113076,1-s2.0-S2352152X24026628-main_extracted.json,4,4,0
258,https://doi.org/10.1016/j.est.2024.113165,1-s2.0-S2352152X24027518-main_extracted.json,2,2,0
259,https://doi.org/10.1016/j.est.2024.113377,1-s2.0-S2352152X24029633-main_extracted.json,4,4,0
260,https://doi.org/10.1016/j.est.2024.114005,1-s2.0-S2352152X24035916-main_extracted.json,6,6,0
261,https://doi.org/10.1016/j.est.2024.114196,1-s2.0-S2352152X24037824-main_extracted.json,1,1,0
262,https://doi.org/10.1016/j.est.2024.114693,1-s2.0-S2352152X24042798-main_extracted.json,3,3,0
263,10.1016/j.est.2024.114697,1-s2.0-S2352152X2404283X-main_extracted.json,6,0,6
264,https://doi.org/10.1016/j.est.2024.114964,1-s2.0-S2352152X2404550X-main_extracted.json,9,9,0
265,https://doi.org/10.1016/j.est.2024.115042,1-s2.0-S2352152X24046280-main_extracted.json,10,10,0
266,https://doi.org/10.1016/j.est.2024.115085,1-s2.0-S2352152X24046711-main_extracted.json,2,2,0
267,https://doi.org/10.1016/j.est.2024.115098,1-s2.0-S2352152X2404684X-main_extracted.json,2,2,0
268,https://doi.org/10.1016/j.est.2025.115488,1-s2.0-S2352152X25002014-main_extracted.json,3,3,0
269,https://doi.org/10.1016/j.est.2025.115780,1-s2.0-S2352152X25004931-main_extracted.json,11,11,0
270,https://doi.org/10.1016/j.est.2025.115897,1-s2.0-S2352152X25006103-main_extracted.json,1,1,0
271,https://doi.org/10.1016/j.est.2025.116066,1-s2.0-S2352152X25007790-main_extracted.json,3,3,0
272,https://doi.org/10.1016/j.est.2025.116154,1-s2.0-S2352152X25008679-main_extracted.json,5,5,0
273,https://doi.org/10.1016/j.est.2025.116358,1-s2.0-S2352152X25010710-main_extracted.json,2,2,0
274,https://doi.org/10.1016/j.est.2025.116548,1-s2.0-S2352152X25012617-main_extracted.json,6,6,0
275,https://doi.org/10.1016/j.est.2025.116748,1-s2.0-S2352152X25014616-main_extracted.json,11,11,0
276,https://doi.org/10.1016/j.est.2025.116852,1-s2.0-S2352152X25015658-main_extracted.json,5,5,0
277,https://doi.org/10.1016/j.est.2025.117220,1-s2.0-S2352152X25019334-main_extracted.json,6,6,0
278,https://doi.org/10.1016/j.est.2025.117272,1-s2.0-S2352152X25019851-main_extracted.json,2,2,0
279,https://doi.org/10.1016/j.est.2025.117520,1-s2.0-S2352152X25022339-main_extracted.json,4,4,0
280,https://doi.org/10.1016/j.est.2025.117848,1-s2.0-S2352152X25025617-main_extracted.json,4,4,0
281,https://doi.org/10.1016/j.est.2025.118105,1-s2.0-S2352152X2502818X-main_extracted.json,1,1,0
282,https://doi.org/10.1016/j.est.2025.118171,1-s2.0-S2352152X25028841-main_extracted.json,4,4,0
283,https://doi.org/10.1016/j.est.2025.118238,1-s2.0-S2352152X25029512-main_extracted.json,13,13,0
284,https://doi.org/10.1016/j.est.2025.118292,1-s2.0-S2352152X25030051-main_extracted.json,6,6,0
285,https://doi.org/10.1016/j.est.2025.118294,1-s2.0-S2352152X25030075-main_extracted.json,1,1,0
286,https://doi.org/10.1016/j.est.2025.118515,1-s2.0-S2352152X25032281-main_extracted.json,5,5,0
287,https://doi.org/10.1016/j.est.2025.118783,1-s2.0-S2352152X25034966-main_extracted.json,8,8,0
288,https://doi.org/10.1016/j.est.2025.118907,1-s2.0-S2352152X25036205-main_extracted.json,16,16,0
289,https://doi.org/10.1016/j.est.2025.119292,1-s2.0-S2352152X25040058-main_extracted.json,5,5,0
290,https://doi.org/10.1016/j.est.2025.119376,1-s2.0-S2352152X25040897-main_extracted.json,2,2,0
291,https://doi.org/10.1016/j.est.2025.119435,1-s2.0-S2352152X25041489-main_extracted.json,6,6,0
292,https://doi.org/10.1016/j.est.2025.119449,1-s2.0-S2352152X25041623-main_extracted.json,6,6,0
293,https://doi.org/10.1016/j.est.2025.119718,1-s2.0-S2352152X25044329-main_extracted.json,4,4,0
294,https://doi.org/10.1016/j.ensm.2020.10.020,1-s2.0-S2405829720303974-main_extracted.json,8,8,0
295,https://doi.org/10.1016/j.ensm.2021.04.035,1-s2.0-S240582972100177X-main_extracted.json,6,6,0
296,https://doi.org/10.1016/j.ensm.2024.103481,1-s2.0-S2405829724003088-main_extracted.json,5,5,0
297,https://doi.org/10.1016/j.ensm.2024.103790,1-s2.0-S2405829724006160-main_extracted.json,3,3,0
298,https://doi.org/10.1016/j.ensm.2025.104197,1-s2.0-S2405829725001977-main_extracted.json,3,3,0
299,https://doi.org/10.1016/j.ensm.2025.104223,1-s2.0-S2405829725002235-main_extracted.json,11,11,0
300,10.1016/j.ensm.2025.104313,1-s2.0-S2405829725003113-main_extracted.json,4,0,4
301,https://doi.org/10.1016/j.ensm.2025.104520,1-s2.0-S2405829725005185-main_extracted.json,4,4,0
302,https://doi.org/10.1016/j.tsep.2022.101301,1-s2.0-S2451904922001081-main_extracted.json,1,1,0
303,https://doi.org/10.1016/j.tsep.2025.103985,1-s2.0-S2451904925007760-main_extracted.json,7,7,0
304,10.1016/j.tsep.2025.104427,1-s2.0-S2451904925012181-main_extracted.json,8,0,8
305,https://doi.org/10.1016/j.mtener.2025.101996,1-s2.0-S2468606925002047-main_extracted.json,5,5,0
306,https://doi.org/10.1016/j.etran.2019.100034,1-s2.0-S2590116819300347-main_extracted.json,3,3,0
307,https://doi.org/10.1016/j.etran.2022.100211,1-s2.0-S259011682200056X-main_extracted.json,8,8,0
308,https://doi.org/10.1016/j.etran.2022.100212,1-s2.0-S2590116822000571-main_extracted.json,3,3,0
309,https://doi.org/10.1016/j.etran.2023.100305,1-s2.0-S2590116823000802-main_extracted.json,2,2,0
310,https://doi.org/10.1016/j.etran.2024.100325,1-s2.0-S2590116824000158-main_extracted.json,3,3,0
311,https://doi.org/10.1016/j.etran.2024.100328,1-s2.0-S2590116824000183-main_extracted.json,10,10,0
312,https://doi.org/10.1016/j.etran.2025.100475,1-s2.0-S2590116825000827-main_extracted.json,6,6,0
313,https://doi.org/10.1016/j.etran.2025.100488,1-s2.0-S2590116825000955-main_extracted.json,2,2,0
314,https://doi.org/10.1016/j.etran.2025.100498,1-s2.0-S2590116825001055-main_extracted.json,6,6,0
315,10.1016/j.etran.2025.100502,1-s2.0-S2590116825001092-main_extracted.json,56,0,56
316,https://doi.org/10.1016/j.jaecs.2025.100360,1-s2.0-S2666352X2500041X-main_extracted.json,7,7,0
317,https://doi.org/10.1016/j.nxener.2025.100398,1-s2.0-S2949821X25001619-main_extracted.json,3,3,0
318,https://doi.org/10.1177/0734904118816616,10.1177_0734904118816616_extracted.json,2,2,0
319,https://doi.org/10.1109/ACCESS.2024.3447873,A_Comparative_Analysis_of_Thermal_Runaway_Trigger_Methods_on_Lithium-Ion_Pouch_Batteries_for_Fire_Investigation_extracted.json,1,1,0
320,https://doi.org/10.1002/adfm.202404806,Adv Funct Materials - 2024 - Kim - Critical Factors Contributing to the Thermal Runaway of Thiophosphate Solid Electrolytes_extracted.json,8,8,0
321,https://doi.org/10.1002/adfm.202502761,Adv Funct Materials - 2025 - Ghosh - Deciphering a New Electrolyte Formulation for Intelligent Modulation of Thermal_extracted.json,5,5,0
322,https://doi.org/10.1002/adfm.202424110,Adv Funct Materials - 2025 - Lin - Highly Safe All‐Solid‐State Lithium Metal Battery Enabled by Interface Thermal Runaway_extracted.json,2,2,0
323,https://doi.org/10.1002/adfm.202515834,Adv Funct Materials - 2025 - Xie - Decoupling Gas‐Mediated Thermal Amplification in Lithium‐Ion Batteries  A New Paradigm_extracted.json,3,3,0
324,https://doi.org/10.1002/aenm.202101764,Advanced Energy Materials - 2021 - Li - Revealing the Thermal Safety of Prussian Blue Cathode for Safer Nonaqueous_extracted.json,5,5,0
325,https://doi.org/10.1002/aenm.202201964,Advanced Energy Materials - 2022 - Song - Boosting Battery Safety by Mitigating Thermal‐Induced Crosstalk with a_extracted.json,6,6,0
326,https://doi.org/10.1002/aenm.202300143,Advanced Energy Materials - 2023 - Liu - A Non‐Volatile  Thermo‐Reversible  and Self‐Protective Gel Electrolyte Providing_extracted.json,3,3,0
327,https://doi.org/10.1002/aenm.202203841,Advanced Energy Materials - 2023 - Wang - Challenges and Opportunities to Mitigate the Catastrophic Thermal Runaway of_extracted.json,4,4,0
328,https://doi.org/10.1002/aenm.202203648,Advanced Energy Materials - 2023 - Zhang - Deciphering the Thermal Failure Mechanism of Anode‐Free Lithium Metal Pouch_extracted.json,10,10,0
329,10.1002/aenm.202503248,Advanced Energy Materials - 2025 - Chen - Emerging Thermal Safety Characteristics of Large‐Capacity Lithium Iron Phosphate_extracted.json,2,0,2
330,https://doi.org/10.1002/aenm.202503593,Advanced Energy Materials - 2025 - Kim - Thermal Runaway in Sulfide‐Based All‐Solid‐State Batteries  Risk Landscape _extracted.json,6,6,0
331,https://doi.org/10.1002/advs.201700369,Advanced Science - 2017 - Finegan - Identifying the Cause of Rupture of Li‐Ion Batteries during Thermal Runaway_extracted.json,3,3,0
332,https://doi.org/10.1002/advs.202100676,Advanced Science - 2021 - Huang - Uncovering LiH Triggered Thermal Runaway Mechanism of a High‐Energy LiNi0 5Co0 2Mn0 3O2_extracted.json,5,5,0
333,https://doi.org/10.1002/anie.202307243,Angew Chem Int Ed - 2023 - Cui - Thermal Stability and Outgassing Behaviors of High‐nickel Cathodes in Lithium‐ion_extracted.json,5,5,0
334,https://doi.org/10.1002/anie.202401716,Angew Chem Int Ed - 2024 - Zhang - In situ and Real‐time Monitoring the Chemical and Thermal Evolution of Lithium‐ion_extracted.json,4,4,0
335,https://doi.org/10.3390/app13148229,applsci-13-08229-v2_extracted.json,1,1,0
336,https://doi.org/10.1002/batt.202400339,Batteries   Supercaps - 2024 - Yu - Smart Electrolytes for Lithium Batteries with Reversible Thermal Protection at High_extracted.json,2,2,0
337,https://doi.org/10.1002/batt.202400386,Batteries   Supercaps - 2024 - Zakharchenko - Thermal Runaway of Na‐Ion Batteries with Na3V2O2 PO4 2F Cathodes_extracted.json,2,2,0
338,https://doi.org/10.3390/batteries2020012,batteries-02-00012-v2_extracted.json,5,5,0
339,https://doi.org/10.3390/batteries4020016,batteries-04-00016-v2_extracted.json,1,1,0
340,https://doi.org/10.3390/batteries5030061,batteries-05-00061_extracted.json,2,2,0
341,https://doi.org/10.3390/batteries6020030,batteries-06-00030-v2_extracted.json,3,3,0
342,https://doi.org/10.3390/batteries7020023,batteries-07-00023_extracted.json,4,4,0
343,https://doi.org/10.3390/batteries7020025,batteries-07-00025_extracted.json,1,1,0
344,https://doi.org/10.3390/batteries7030049,batteries-07-00049_extracted.json,5,5,0
345,https://doi.org/10.3390/batteries8050041,batteries-08-00041_extracted.json,7,7,0
346,10.3390/batteries8070061,batteries-08-00061-v4_extracted.json,12,0,12
347,https://doi.org/10.3390/batteries8110250,batteries-08-00250-v2_extracted.json,4,4,0
348,https://doi.org/10.3390/batteries9040204,batteries-09-00204-v2_extracted.json,4,4,0
349,https://doi.org/10.3390/batteries9050237,batteries-09-00237-v3_extracted.json,5,5,0
350,https://doi.org/10.3390/batteries9090450,batteries-09-00450_extracted.json,2,2,0
351,https://doi.org/10.3390/batteries9100513,batteries-09-00513-v2_extracted.json,6,6,0
352,https://doi.org/10.3390/batteries9110540,batteries-09-00540-v2_extracted.json,1,1,0
353,https://doi.org/10.3390/batteries10010031,batteries-10-00031_extracted.json,1,1,0
354,https://doi.org/10.3390/batteries10020055,batteries-10-00055-v3_extracted.json,1,1,0
355,https://doi.org/10.3390/batteries10040116,batteries-10-00116-v2_extracted.json,1,1,0
356,https://doi.org/10.3390/batteries10040118,batteries-10-00118_extracted.json,3,3,0
357,https://doi.org/10.3390/batteries10040142,batteries-10-00142_extracted.json,3,3,0
358,https://doi.org/10.3390/batteries10060182,batteries-10-00182_extracted.json,1,1,0
359,https://doi.org/10.3390/batteries10070243,batteries-10-00243-v2_extracted.json,9,9,0
360,https://doi.org/10.3390/batteries10080270,batteries-10-00270-v3_extracted.json,4,4,0
361,https://doi.org/10.3390/batteries10090298,batteries-10-00298-v2_extracted.json,8,8,0
362,https://doi.org/10.3390/batteries10100370,batteries-10-00370-v2_extracted.json,7,7,0
363,https://doi.org/10.3390/batteries11010024,batteries-11-00024-v2_extracted.json,4,4,0
364,https://doi.org/10.3390/batteries11030096,batteries-11-00096-v2_extracted.json,5,5,0
365,https://doi.org/10.3390/batteries11050184,batteries-11-00184_extracted.json,2,2,0
366,https://doi.org/10.3390/batteries11050202,batteries-11-00202-v2_extracted.json,1,1,0
367,https://doi.org/10.3390/batteries11060216,batteries-11-00216_extracted.json,14,14,0
368,https://doi.org/10.3390/batteries11070242,batteries-11-00242_extracted.json,1,1,0
369,https://doi.org/10.3390/batteries11090320,batteries-11-00320-v3_extracted.json,37,37,0
370,https://doi.org/10.3390/batteries11090339,batteries-11-00339_extracted.json,6,6,0
371,https://doi.org/10.3390/batteries11100371,batteries-11-00371-v2_extracted.json,2,2,0
372,https://doi.org/10.3390/batteries11100373,batteries-11-00373_extracted.json,11,11,0
373,https://doi.org/10.3390/batteries11100386,batteries-11-00386_extracted.json,3,3,0
374,https://doi.org/10.1039/c8ra06458j,c8ra06458j_extracted.json,11,11,0
375,https://doi.org/10.1002/celc.202500336,ChemElectroChem - 2025 - Li - Decoupling of O3‐Layered Cathode Stability from System‐Driven Thermal Runaway in Sodium‐Ion_extracted.json,2,2,0
376,https://doi.org/10.1002/asia.202300820,Chemistry   An Asian Journal - 2023 - Hu - High‐Safety Lithium‐Ion Batteries with Silicon‐Based Anodes Enabled by_extracted.json,4,4,0
377,https://doi.org/10.1021/acs.chas.4c00121,comparison-on-thermal-runaway-and-critical-characteristics-of-cylindrical-lithium-ion-batteries-a-review_extracted.json,23,23,0
378,Computational Modelling of Thermal Runaway Propagation in Lithium-Ion Battery Systems (2019 IEEE ITEC-India),Computational_Modelling_of_Thermal_Runaway_Propagation_in_Lithium-Ion_Battery_Systems_extracted.json,8,0,8
379,https://doi.org/10.3390/cryst13091346,crystals-13-01346_extracted.json,7,7,0
380,https://doi.org/10.1039/d4ee02302a,d4ee02302a_extracted.json,2,2,0
381,https://doi.org/10.1039/d5ta03776j,d5ta03776j_extracted.json,6,6,0
382,https://doi.org/10.1021/acsami.1c04482,discharge-state-of-layered-p2-type-cathode-reveals-unsafe-than-charge-condition-in-thermal-runaway-event-for-sodium-ion_extracted.json,1,1,0
383,https://doi.org/10.3390/electronics12010200,electronics-12-00200_extracted.json,2,2,0
384,https://doi.org/10.3390/electronics12071603,electronics-12-01603-v2_extracted.json,5,5,0
385,https://doi.org/10.3390/en11092191,energies-11-02191_extracted.json,4,4,0
386,https://doi.org/10.3390/en12163099,energies-12-03099-v2_extracted.json,1,1,0
387,https://doi.org/10.3390/en13041010,energies-13-01010-v2_extracted.json,2,2,0
388,https://doi.org/10.3390/en16083398,energies-16-03398_extracted.json,1,1,0
389,https://doi.org/10.3390/en16083485,energies-16-03485_extracted.json,1,1,0
390,https://doi.org/10.3390/en16165967,energies-16-05967-v2_extracted.json,1,1,0
391,https://doi.org/10.3390/en16237874,energies-16-07874_extracted.json,3,3,0
392,https://doi.org/10.3390/en17112566,energies-17-02566_extracted.json,3,3,0
393,https://doi.org/10.3390/en18010155,energies-18-00155-v2_extracted.json,15,15,0
394,https://doi.org/10.3390/en18051173,energies-18-01173-v2_extracted.json,3,3,0
395,https://doi.org/10.1002/ente.202300707,Energy Tech - 2023 - Karmakar - Thermal Runaway Propagation Analytics and Crosstalk in Lithium‐Ion Battery Modules_extracted.json,16,16,0
396,https://doi.org/10.1002/ente.202300565,Energy Tech - 2023 - Weber - Chemical Thermal Runaway Modeling of Lithium‐Ion Batteries for Prediction of Heat and Gas_extracted.json,6,6,0
397,https://doi.org/10.1002/ente.202401272,Energy Tech - 2024 - Zhang - Thermal Safety Characteristic Analysis of Large‐Format Pouch Li‐Ion Capacitors_extracted.json,2,2,0
398,https://doi.org/10.1002/ente.202501540,Energy Tech - 2025 - Zhang - Thermal Runaway Behavior and Gas Generation Characteristics Analysis for LiFePO4 Batteries_extracted.json,6,6,0
399,https://doi.org/10.1149/2.0311816jes,Feng_2018_J._Electrochem._Soc._165_A3748_extracted.json,9,9,0
400,https://doi.org/10.3389/fenrg.2023.1230429,fenrg-11-1230429_extracted.json,3,3,0
401,https://doi.org/10.1002/fam.2976,Fire and Materials - 2021 - Zhu - Comparative analysis of thermal runaway characteristics of lithium‐ion battery under oven_extracted.json,1,1,0
402,https://doi.org/10.3390/fire7040119,fire-07-00119-v2_extracted.json,9,9,0
403,https://doi.org/10.3390/fire8120479,fire-08-00479-v2_extracted.json,1,1,0
404,10.3389/fphy.2025.1615872,fphy-13-1615872_extracted.json,14,0,14
405,https://doi.org/10.1149/2.1081908jes,Gao_2019_J._Electrochem._Soc._166_A1653_extracted.json,6,6,0
406,https://doi.org/10.1073/pnas.2501549122,guo-et-al-2025-a-fire-safe-li-metal-battery-via-smart-gas-management_extracted.json,2,2,0
407,https://doi.org/10.1149/1945-7111/aceb35,Guo_2023_J._Electrochem._Soc._170_080507_extracted.json,1,1,0
408,https://doi.org/10.1049/esi2.12148,IET Energy Syst Integration - 2024 - Liu - Changes in performance and thermal stability of Ni0 8Co0 1Al0 1 graphite_extracted.json,6,6,0
409,https://doi.org/10.1155/er/6945609,International Journal of Energy Research - 2025 - Han - Research on the Early Warning Characteristics of Thermal Runaway in_extracted.json,8,8,0
410,https://doi.org/10.1002/er.7493,Intl J of Energy Research - 2021 - Liu - Experimental study on thermal runaway characteristic parameters of parallel_extracted.json,1,1,0
411,https://doi.org/10.1002/er.7143,Intl J of Energy Research - 2021 - Sun - Correlation between thermal stabilities of nickel‐rich cathode materials and_extracted.json,6,6,0
412,https://doi.org/10.1002/er.8632,Intl J of Energy Research - 2022 - Liao - Thermal runaway warning of lithium‐ion batteries based on photoacoustic_extracted.json,3,3,0
413,10.1021/acsaem.5c01505,investigating-the-thermal-safety-of-sodium-ion-batteries-during-the-aging-process_extracted.json,1,0,1
414,https://doi.org/10.1115/1.4068208,jeecs-24-1230_extracted.json,3,3,0
415,https://doi.org/10.1149/1945-7111/ad1ecc,Karmakar_2024_J._Electrochem._Soc._171_010529_extracted.json,4,4,0
416,https://doi.org/10.1149/1945-7111/ae1ab5,Kim_2025_J._Electrochem._Soc._172_120502_extracted.json,8,8,0
417,https://doi.org/10.1149/1945-7111/ad9b9d,Liu_2024_J._Electrochem._Soc._171_120527_extracted.json,2,2,0
418,https://doi.org/10.1149/1945-7111/ad3aae,Mallarapu_2024_J._Electrochem._Soc._171_040514_extracted.json,2,2,0
419,https://doi.org/10.1149/1945-7111/ac0b59,Mao_2021_J._Electrochem._Soc._168_060553_extracted.json,3,3,0
420,https://doi.org/10.3390/ma10030230,materials-10-00230_extracted.json,11,11,0
421,https://doi.org/10.3390/mi16050544,micromachines-16-00544_extracted.json,5,5,0
422,https://doi.org/10.1149/1945-7111/ac3715,Mishra_2021_J._Electrochem._Soc._168_120507_extracted.json,5,5,0
423,https://doi.org/10.1038/ncomms7924,ncomms7924_extracted.json,2,2,0
424,https://doi.org/10.1016/j.heliyon.2024.e31203,PIIS2405844024072347_extracted.json,5,5,0
425,https://doi.org/10.1016/j.joule.2018.06.015,PIIS2542435118302800_extracted.json,2,2,0
426,https://doi.org/10.1016/j.joule.2020.03.012,PIIS2542435120301276_extracted.json,5,5,0
427,https://doi.org/10.1016/j.joule.2022.02.015,PIIS2542435122000964_extracted.json,9,9,0
428,https://doi.org/10.1016/j.isci.2021.102854,PIIS2589004221008221_extracted.json,8,8,0
429,https://doi.org/10.1016/j.xcrp.2023.101705,PIIS2666386423005362_extracted.json,4,4,0
430,https://doi.org/10.1016/j.xcrp.2024.102056,PIIS2666386424003254_extracted.json,26,26,0
431,https://doi.org/10.1016/j.xcrp.2025.102563,PIIS2666386425001626_extracted.json,4,4,0
432,https://doi.org/10.3390/pr11051321,processes-11-01321_extracted.json,1,1,0
433,https://doi.org/10.3390/pr13030889,processes-13-00889-v2_extracted.json,9,9,0
434,https://doi.org/10.1149/1945-7111/ababd2,Puthusseri_2020_J._Electrochem._Soc._167_120513_extracted.json,6,6,0
435,,Research_On_Key_Parameters_of_Thermal_Runaway_in_Small_Lithium-ion_Batteries_extracted.json,6,6,0
436,https://doi.org/10.1021/acsaem.1c02537,revealing-the-impact-of-slight-electrical-abuse-on-the-thermal-safety-characteristics-for-lithium-ion-batteries_extracted.json,3,3,0
437,https://doi.org/10.1007/s00202-025-03102-x,s00202-025-03102-x_extracted.json,1,0,1
438,https://doi.org/10.1007/s00231-014-1353-x,s00231-014-1353-x_extracted.json,8,8,0
439,https://doi.org/10.1007/s00339-024-07831-x,s00339-024-07831-x_extracted.json,2,2,0
440,https://doi.org/10.1007/s10008-020-04810-z,s10008-020-04810-z_extracted.json,7,7,0
441,https://doi.org/10.1007/s10694-020-00963-5,s10694-020-00963-5_extracted.json,9,9,0
442,https://doi.org/10.1007/s10694-020-00974-2,s10694-020-00974-2_extracted.json,6,6,0
443,https://doi.org/10.1007/s10694-020-00976-0,s10694-020-00976-0_extracted.json,6,6,0
444,https://doi.org/10.1007/s10694-020-00978-y,s10694-020-00978-y_extracted.json,1,1,0
445,https://doi.org/10.1007/s10694-020-00984-0,s10694-020-00984-0_extracted.json,16,16,0
446,https://doi.org/10.1007/s10694-020-00995-x,s10694-020-00995-x_extracted.json,5,5,0
447,https://doi.org/10.1007/s10694-022-01273-8,s10694-022-01273-8_extracted.json,4,4,0
448,https://doi.org/10.1007/s10694-022-01320-4,s10694-022-01320-4_extracted.json,2,2,0
449,https://doi.org/10.1007/s10694-022-01321-3,s10694-022-01321-3_extracted.json,24,24,0
450,https://doi.org/10.1007/s10694-022-01322-2,s10694-022-01322-2_extracted.json,3,3,0
451,https://doi.org/10.1007/s10694-022-01351-x,s10694-022-01351-x_extracted.json,4,4,0
452,https://doi.org/10.1007/s10694-023-01383-x,s10694-023-01383-x_extracted.json,1,1,0
453,https://doi.org/10.1007/s10694-024-01609-6,s10694-024-01609-6_extracted.json,7,7,0
454,https://doi.org/10.1007/s10694-024-01611-y,s10694-024-01611-y_extracted.json,6,6,0
455,https://doi.org/10.1007/s10694-024-01630-9,s10694-024-01630-9_extracted.json,11,11,0
456,https://doi.org/10.1007/s10694-024-01631-8,s10694-024-01631-8_extracted.json,7,7,0
457,https://doi.org/10.1007/s10694-024-01687-6,s10694-024-01687-6_extracted.json,11,11,0
458,https://doi.org/10.1007/s10694-025-01703-3,s10694-025-01703-3_extracted.json,3,3,0
459,https://doi.org/10.1007/s10694-025-01708-y,s10694-025-01708-y_extracted.json,4,4,0
460,https://doi.org/10.1007/s10694-025-01723-z,s10694-025-01723-z_extracted.json,12,12,0
461,https://doi.org/10.1007/s10800-025-02269-2,s10800-025-02269-2_extracted.json,1,1,0
462,https://doi.org/10.1007/s10973-011-1452-6,s10973-011-1452-6_extracted.json,2,2,0
463,https://doi.org/10.1007/s10973-013-3137-9,s10973-013-3137-9_extracted.json,4,4,0
464,https://doi.org/10.1007/s10973-016-5755-5,s10973-016-5755-5_extracted.json,6,6,0
465,https://doi.org/10.1007/s10973-016-5767-1,s10973-016-5767-1_extracted.json,6,6,0
466,https://doi.org/10.1007/s10973-018-7599-7,s10973-018-7599-7_extracted.json,6,6,0
467,https://doi.org/10.1007/s10973-018-7891-6,s10973-018-7891-6_extracted.json,9,9,0
468,https://doi.org/10.1007/s10973-019-08459-3,s10973-019-08459-3_extracted.json,5,5,0
469,https://doi.org/10.1007/s10973-019-09026-6,s10973-019-09026-6_extracted.json,16,16,0
470,https://doi.org/10.1007/s10973-020-09274-x,s10973-020-09274-x_extracted.json,6,6,0
471,https://doi.org/10.1007/s10973-020-10195-y,s10973-020-10195-y_extracted.json,2,2,0
472,https://doi.org/10.1007/s10973-022-11324-5,s10973-022-11324-5_extracted.json,1,1,0
473,https://doi.org/10.1007/s10973-022-11394-5,s10973-022-11394-5_extracted.json,6,6,0
474,https://doi.org/10.1007/s10973-022-11766-x,s10973-022-11766-x_extracted.json,10,10,0
475,https://doi.org/10.1007/s10973-023-12095-3,s10973-023-12095-3_extracted.json,1,1,0
476,https://doi.org/10.1007/s10973-023-12446-0,s10973-023-12446-0_extracted.json,7,7,0
477,https://doi.org/10.1007/s10973-023-12867-x,s10973-023-12867-x_extracted.json,4,4,0
478,https://doi.org/10.1007/s10973-024-13362-7,s10973-024-13362-7_extracted.json,4,4,0
479,https://doi.org/10.1007/s10973-024-13939-2,s10973-024-13939-2_extracted.json,5,5,0
480,https://doi.org/10.1007/s10973-025-15103-w,s10973-025-15103-w_extracted.json,5,5,0
481,https://doi.org/10.1007/s10973-025-15168-7,s10973-025-15168-7_extracted.json,1,1,0
482,https://doi.org/10.1007/s11426-025-2974-2,s11426-025-2974-2_extracted.json,14,14,0
483,https://doi.org/10.1007/s11581-020-03745-9,s11581-020-03745-9_extracted.json,5,5,0
484,https://doi.org/10.1007/s11581-020-03800-5,s11581-020-03800-5_extracted.json,1,1,0
485,https://doi.org/10.1007/s11664-024-11485-z,s11664-024-11485-z_extracted.json,1,1,0
486,https://doi.org/10.1007/s12206-025-2410-8,s12206-025-2410-8_extracted.json,1,1,0
487,https://doi.org/10.1038/s41467-020-18868-w,s41467-020-18868-w_extracted.json,8,8,0
488,10.1038/s41467-021-24404-1,s41467-021-24404-1_extracted.json,1,0,1
489,https://doi.org/10.1038/s41467-023-40995-3,s41467-023-40995-3_extracted.json,3,3,0
490,https://doi.org/10.1038/s41560-025-01751-7,s41560-025-01751-7_extracted.json,5,5,0
491,https://doi.org/10.1038/s41598-025-07824-7,s41598-025-07824-7_extracted.json,19,19,0
492,https://doi.org/10.1038/s41598-025-25824-5,s41598-025-25824-5_extracted.json,5,5,0
493,https://doi.org/10.1007/s42154-023-00226-3,s42154-023-00226-3_extracted.json,4,4,0
494,https://doi.org/10.1007/s42461-020-00349-9,s42461-020-00349-9_extracted.json,4,4,0
495,https://doi.org/10.1007/s42461-024-00938-y,s42461-024-00938-y_extracted.json,12,12,0
496,https://doi.org/10.1007/s43979-025-00119-w,s43979-025-00119-w_extracted.json,3,3,0
497,https://doi.org/10.1021/acsomega.4c00921,simulation-study-on-temperature-control-performance-of-lithium-ion-battery-fires-by-fine-water-mist-in-energy-storage_extracted.json,4,4,0
498,https://doi.org/10.1002/smll.202510001,Small - 2025 - Hou - EC‐Less High‐Entropy Electrolytes Enabling High‐Safety and Durable Ni‐Rich Lithium‐Ion Batteries_extracted.json,4,4,0
499,https://doi.org/10.1002/smll.202503065,Small - 2025 - Zhang - An Additive with Carbonate‐Sulfate Hybrid Structure Enables High‐Voltage and Long‐Life Lithium‐Ion_extracted.json,3,3,0
500,https://doi.org/10.1149/1945-7111/ad7293,Sorensen_2024_J._Electrochem._Soc._171_080540_extracted.json,2,2,0
501,Suppressing Thermal Runaway of Lithium-ion Batteries by Using Insulation Material,Suppressing_Thermal_Runaway_of_Lithium-ion_Batteries_by_Using_Insulation_Material_extracted.json,1,0,1
502,https://doi.org/10.1002/sus2.74,SusMat - 2022 - Xu - Dendrite‐accelerated thermal runaway mechanisms of lithium metal pouch batteries_extracted.json,2,2,0
503,10.1021/acsami.5c11426,synergistic-microstructure-and-thermal-regulation-via-multifunctional-flame-retardant-separator-design-for-high-safety_extracted.json,2,0,2
504,https://doi.org/10.1021/acsami.1c11195,thermal-behavior-of-li1-x-li1-3ti5-3-o4-and-a-proof-of-concept-for-sustainable-batteries_extracted.json,6,6,0
505,https://doi.org/10.1021/acsomega.3c00261,thermal-electrical-and-environmental-safeties-of-sulfide-electrolyte-based-all-solid-state-li-ion-batteries_extracted.json,10,10,0
506,https://doi.org/10.1021/acsami.9b16589,thermal-runaway-triggered-by-plated-lithium-on-the-anode-after-fast-charging_extracted.json,9,9,0
507,https://doi.org/10.1021/acsaem.1c02473,thermal-safety-and-runaway-blocking-mechanism-for-lithium-ion-batteries-through-introducing-nanoscale-magnesium_extracted.json,4,4,0
508,https://doi.org/10.1149/2754-2734/ad1a72,Torelli_2024_ECS_Adv._3_010501_extracted.json,5,5,0
509,https://doi.org/10.1021/acs.chas.5c00142,toxicity-and-explosive-hazards-of-thermal-runaway-gases-in-aged-batteries-under-different-states-of-charge_extracted.json,4,4,0
510,https://doi.org/10.3390/vehicles3030029,vehicles-03-00029-v2_extracted.json,7,7,0
511,https://doi.org/10.1149/2.0531816jes,Wang_2018_J._Electrochem._Soc._165_A3828_extracted.json,2,2,0
512,https://doi.org/10.1149/1945-7111/ad9351,Weber_2024_J._Electrochem._Soc._171_110516_extracted.json,9,9,0
513,https://doi.org/10.3390/wevj14100270,wevj-14-00270_extracted.json,1,1,0
514,https://doi.org/10.3390/wevj15040147,wevj-15-00147_extracted.json,4,4,0
515,https://doi.org/10.3390/wevj16030153,wevj-16-00153_extracted.json,6,6,0
516,https://doi.org/10.1149/2.0461809jes,Zhong_2018_J._Electrochem._Soc._165_A1925_extracted.json,9,9,0
517,https://doi.org/10.1590/0001-3765202420230648,xtracted.json,4,4,0
